惠州市,惠阳区
苏州市,张家港市
威海市,经济技术开发区
广州市,天河区
杭州市,滨江区
杭州市,上城区
苏州市,工业园区
济南市,高新区
厦门市,湖里区
大连市,甘井子区
深圳市,龙岗区
嘉峪关市,市辖区
无锡市,新区
杭州市,临安市
北京市,朝阳区
广州市,白云区
扬州市,广陵区
盐城市,东台市
广州市,增城市
惠州市,惠城区
滨州市,滨城区
杭州市,拱墅区
天津市,和平区
上海市,长宁区
成都市,金牛区
石家庄市,新华区
济南市,历城区
北京市,通州区
重庆市,渝北区
北海市,海城区
滨州市,邹平县
常州市,武进区
上海市,徐汇区
广州市,番禺区
宁德市,古田县
深圳市,坪山新区
常州市,钟楼区
武汉市,洪山区
杭州市,萧山区
杭州市,富阳市
成都市,高新区
马鞍山市,花山区
苏州市,相城区
北京市,昌平区
台州市,温岭市
巴音郭楞蒙古自治州,焉耆回族自治县
汕头市,潮南区
武汉市,江夏区
天门市,天门市
杭州市,下城区
嘉兴市,海宁市
北京市,东城区
南通市,通州区
扬州市,高邮市
濮阳市,华龙区
苏州市,常熟市
广州市,黄埔区
北京市,海淀区
黄石市,下陆区
哈尔滨市,南岗区
广州市,海珠区
东莞市,茶山镇
泰州市,高港区
温州市,瑞安市
太原市,万柏林区
洛阳市,栾川县
大连市,旅顺口区
上海市,闵行区
泉州市,鲤城区
武汉市,武昌区
成都市,锦江区
周口市,川汇区
杭州市,余杭区
广州市,荔湾区
苏州市,姑苏区
青岛市,城阳区
杭州市,江干区
西安市,雁塔区
杭州市,西湖区
武汉市,江岸区
肇庆市,端州区
青岛市,市北区
韶关市,南雄市
温州市,乐清市
苏州市,昆山市
北京市,顺义区
苏州市,虎丘区
上海市,虹口区
成都市,青羊区
上海市,宝山区
保定市,高碑店市
南昌市,东湖区
金华市,兰溪市
西安市,莲湖区
西宁市,城西区
梅州市,兴宁市
广州市,越秀区
福州市,鼓楼区
莱芜市,莱城区
南昌市,西湖区
成都市,成华区
南通市,海安县
青岛市,市南区
天津市,红桥区
汕头市,金平区
南京市,秦淮区
平顶山市,新华区
广州市,萝岗区
德州市,德城区
无锡市,江阴市
湛江市,雷州市
宁波市,宁海县
上海市,杨浦区
漳州市,芗城区
深圳市,南山区
包头市,昆都仑区
扬州市,邗江区
佛山市,南海区
保定市,南市区
中山市,中山市
金华市,义乌市
西安市,高新区
东莞市,虎门镇
北京市,西城区
天津市,东丽区
东莞市,长安镇
上海市,浦东新区
金华市,婺城区
茂名市,信宜市
潍坊市,奎文区
上海市,嘉定区
上海市,青浦区
济南市,历下区
天津市,滨海新区
湖州市,吴兴区
福州市,闽侯县
合肥市,包河区
宁波市,江北区
景德镇市,昌江区
武汉市,江汉区
洛阳市,西工区
上海市,闸北区
北京市,丰台区
福州市,晋安区
荆门市,东宝区
昆明市,呈贡区
长沙市,天心区
湘西土家族苗族自治州,吉首市
南京市,栖霞区
遂宁市,船山区
北京市,石景山区
深圳市,罗湖区
威海市,高区
宁波市,江东区
深圳市,宝安区
长治市,城区
沧州市,新华区
三明市,尤溪县
荆州市,荆州区
朝阳市,朝阳县
襄阳市,樊城区
深圳市,福田区
济南市,市中区
郑州市,高新区
大连市,大连开发区
金华市,东阳市
上海市,普陀区
合肥市,庐阳区
南昌市,昌北区
大连市,中山区
汉中市,汉台区
芜湖市,无为县
沈阳市,沈河区
衢州市,柯城区
常德市,澧县
上海市,松江区
濮阳市,清丰县
温州市,苍南县
焦作市,解放区
成都市,郫县
嘉兴市,南湖区
宁波市,镇海区
烟台市,莱州市
绍兴市,绍兴县
成都市,武侯区
长沙市,雨花区
北京市,大兴区
景德镇市,珠山区
温州市,鹿城区
温州市,永嘉县
重庆市,江津区
宁波市,余姚市
武汉市,蔡甸区
宁德市,福鼎市
沈阳市,铁西区
西安市,长安区
淮北市,相山区
兰州市,城关区
上饶市,信州区
南昌市,青云谱区
长春市,宽城区
重庆市,沙坪坝区
厦门市,海沧区
沈阳市,沈北新区
三明市,梅列区
杭州市,建德市
唐山市,路南区
榆林市,榆阳区
郑州市,管城回族区
南京市,建邺区
漳州市,东山县
石家庄市,长安区
台州市,路桥区
泰州市,姜堰市
济宁市,曲阜市
天津市,河西区
铁岭市,银州区
江门市,蓬江区
乌鲁木齐市,天山区
镇江市,丹阳市
佛山市,顺德区
保定市,定州市
桂林市,七星区
宁波市,鄞州区
昭通市,昭阳区
南京市,江宁区
济宁市,微山县
台州市,临海市
石家庄市,无极县
青岛市,黄岛区
唐山市,丰润区
无锡市,崇安区
江门市,新会区
重庆市,巴南区
沈阳市,和平区
嘉兴市,秀洲区
江门市,鹤山市
绍兴市,诸暨市
临沂市,兰山区
防城港市,防城区
东莞市,东城区
济宁市,任城区
威海市,环翠区
镇江市,京口区
金华市,浦江县
北京市,平谷区
无锡市,锡山区
天津市,西青区
武汉市,汉阳区
咸宁市,通山县
郑州市,金水区
长春市,朝阳区
哈尔滨市,呼兰区
成都市,新都区
廊坊市,三河市
南京市,玄武区
盐城市,射阳县
阜新市,彰武县
西安市,碑林区
南京市,雨花台区
遵义市,红花岗区
衡阳市,蒸湘区
绍兴市,上虞市
长春市,南关区
天津市,南开区
七台河市,新兴区
岳阳市,岳阳楼区
天津市,宝坻区
宁波市,海曙区
南阳市,宛城区
长沙市,开福区
吉林市,昌邑区
莆田市,仙游县
成都市,高新西区
沈阳市,于洪区
天津市,北辰区
舟山市,定海区
丽水市,松阳县
韶关市,浈江区
盘锦市,兴隆台区
武汉市,武汉经济技术开发区
沈阳市,大东区
南宁市,西乡塘区
湖州市,德清县
六安市,舒城县
长沙市,芙蓉区
成都市,金堂县
烟台市,招远市
苏州市,吴中区
洛阳市,涧西区
天津市,宁河县
烟台市,芝罘区
宜春市,樟树市
锦州市,凌河区
信阳市,光山县
东营市,东营区
乌鲁木齐市,新市区
珠海市,香洲区
玉林市,玉州区
郑州市,二七区
海口市,美兰区
衢州市,龙游县
郑州市,荥阳市
昆明市,盘龙区
阜阳市,颍上县
咸阳市,秦都区
鞍山市,立山区
河源市,源城区
吉安市,遂川县
马鞍山市,雨山区
沧州市,沧县
德阳市,罗江县
湖州市,南浔区
昆明市,五华区
北京市,房山区
泰州市,海陵区
无锡市,南长区
郑州市,巩义市
昆明市,西山区
漳州市,南靖县
洛阳市,洛龙区
长沙市,浏阳市
厦门市,思明区
马鞍山市,当涂县
西双版纳傣族自治州,景洪市
泰州市,兴化市
常州市,天宁区
鞍山市,铁东区
梅州市,梅县
韶关市,乐昌市
九江市,瑞昌市
盐城市,盐都区
齐齐哈尔市,龙沙区
舟山市,岱山县
武汉市,~口区
衡阳市,常宁市
石家庄市,裕华区
嘉兴市,平湖市
无锡市,北塘区
深圳市,龙华新区
三明市,三元区
抚州市,临川区
南昌市,南昌县
蚌埠市,龙子湖区
天津市,静海县
大连市,西岗区
南通市,崇川区
南宁市,兴宁区
九江市,都昌县
滨州市,博兴县
青岛市,崂山区
齐齐哈尔市,建华区
上海市,奉贤区
辽阳市,白塔区
青岛市,四方区
荆州市,松滋市
长沙市,岳麓区
成都市,温江区
台州市,天台县
凉山彝族自治州,西昌市
重庆市,南岸区
嘉兴市,桐乡市
宁波市,慈溪市
临沧市,临翔区
松原市,宁江区
平顶山市,卫东区
丹东市,振安区
太原市,小店区
威海市,荣成市
大兴安岭地区,呼玛县
赣州市,龙南县
衡水市,桃城区
清远市,清城区
株洲市,石峰区
十堰市,茅箭区
佛山市,禅城区
黄冈市,黄州区
东莞市,大岭山镇
荆州市,沙市区
泰州市,靖江市
无锡市,惠山区
南昌市,青山湖区
青岛市,李沧区
无锡市,滨湖区
九江市,修水县
贵阳市,云岩区
太原市,晋源区
嘉兴市,嘉善县
曲靖市,陆良县
海口市,龙华区
宿州市,泗县
南京市,鼓楼区
石家庄市,藁城市
哈尔滨市,平房区
济南市,天桥区
潍坊市,诸城市
南平市,建瓯市
长沙市,长沙县
怀化市,新晃侗族自治县
南宁市,青秀区
丹东市,宽甸满族自治县
汕头市,澄海区
九江市,浔阳区
大庆市,让胡路区
阳江市,江城区
宁波市,象山县
广州市,花都区
大连市,金州区
辽阳市,宏伟区
西安市,未央区
郑州市,惠济区
眉山市,彭山县
南宁市,良庆区
许昌市,禹州市
成都市,青白江区
佳木斯市,向阳区
南京市,溧水县
衡阳市,珠晖区
湛江市,霞山区
福州市,仓山区
大庆市,萨尔图区
绵阳市,涪城区
成都市,龙泉驿区
新乡市,封丘县
天津市,蓟县
潍坊市,潍城区
永州市,双牌县
商丘市,虞城县
温州市,瓯海区
重庆市,九龙坡区
新乡市,牧野区
上海市,静安区
淮安市,淮阴区
台州市,椒江区
台州市,黄岩区
大庆市,龙凤区
赣州市,宁都县
南京市,白下区
巴音郭楞蒙古自治州,库尔勒市
泰州市,泰兴市
兰州市,七里河区
嘉兴市,海盐县
潍坊市,临朐县
七台河市,茄子河区
晋中市,太谷县
江门市,台山市
安康市,汉滨区
大连市,高新园区
白山市,抚松县
泸州市,纳溪区
黄石市,黄石港区
梅州市,梅江区
常德市,津市市
宁波市,北仑区
贺州市,昭平县
上海市,黄浦区
苏州市,吴江区
阜阳市,界首市
上饶市,广丰县
东莞市,桥头镇
宿迁市,沭阳县
无锡市,宜兴市
绍兴市,绍兴市区
揭阳市,揭西县
新乡市,长垣县
三明市,永安市
西安市,新城区
沧州市,泊头市
廊坊市,安次区
长春市,净月开发区
东莞市,常平镇
东莞市,麻涌镇
东莞市,中堂镇
十堰市,张湾区
本溪市,平山区
松原市,扶余县
临汾市,翼城县
广安市,广安区
菏泽市,牡丹区
昆明市,官渡区
贺州市,八步区
泉州市,石狮市
沧州市,运河区
承德市,双桥区
济源市,济源市
南平市,武夷山市
福州市,台江区
沈阳市,皇姑区
兰州市,西固区
衢州市,衢江区
泉州市,丰泽区
连云港市,灌云县
佛山市,三水区
扬州市,仪征市
忻州市,忻府区
石家庄市,桥西区
桂林市,秀峰区
朔州市,怀仁县
厦门市,集美区
沈阳市,浑南新区
宜春市,袁州区
鞍山市,千山区
呼和浩特市,新城区
成都市,新津县
太原市,杏花岭区
淄博市,张店区
白山市,浑江区
襄阳市,宜城市
铜川市,耀州区
三门峡市,湖滨区
六安市,金安区
玉溪市,红塔区
东莞市,塘厦镇
辽源市,龙山区
锦州市,太和区
盐城市,建湖县
牡丹江市,阳明区
青岛市,平度市
哈尔滨市,香坊区
深圳市,光明新区
张家口市,桥西区
开封市,禹王台区
泉州市,永春县
合肥市,瑶海区
大连市,沙河口区
湛江市,徐闻县
德阳市,旌阳区
唐山市,玉田县
吉安市,吉州区
仙桃市,仙桃市
齐齐哈尔市,依安县
哈尔滨市,道外区
合肥市,蜀山区
重庆市,渝中区
抚顺市,顺城区
泸州市,合江县
重庆市,北碚区
湛江市,坡头区
咸宁市,赤壁市
襄阳市,襄城区
深圳市,大鹏新区
宜宾市,江安县
徐州市,鼓楼区
邵阳市,邵阳县
武汉市,黄陂区
宿州市,萧县
牡丹江市,西安区
青岛市,即墨市
淮安市,清浦区
昆明市,宜良县
巴彦淖尔市,临河区
徐州市,云龙区
银川市,金凤区
淄博市,周村区
焦作市,山阳区
蚌埠市,禹会区
烟台市,牟平区
咸宁市,咸安区
北京市,密云县
银川市,兴庆区
武汉市,新洲区
六安市,寿县
深圳市,盐田区
抚顺市,望花区
厦门市,同安区
莆田市,荔城区
徐州市,泉山区
成都市,双流县
连云港市,新浦区
重庆市,江北区
南昌市,红谷滩新区
内江市,市中区
本溪市,明山区
上海市,金山区
成都市,彭州市
重庆市,奉节县
烟台市,烟台开发区
巴中市,巴州区
太原市,迎泽区
济南市,济阳县
温州市,平阳县
孝感市,孝南区
天津市,津南区
苏州市,太仓市
东营市,垦利县
赣州市,瑞金市
西双版纳傣族自治州,勐腊县
黔南布依族苗族自治州,平塘县
资阳市,安岳县
临沂市,河东区
广州市,南沙区
南京市,下关区
青岛市,胶南市
长春市,二道区
石家庄市,栾城县
孝感市,大悟县
德阳市,广汉市
江门市,开平市
舟山市,普陀区
温州市,龙湾区
长春市,榆树市
抚州市,广昌县
黄山市,休宁县
呼和浩特市,赛罕区
长春市,德惠市
喀什地区,莎车县
重庆市,大渡口区
烟台市,莱山区
兰州市,安宁区
杭州市,淳安县
常州市,新北区
淮安市,盱眙县
廊坊市,广阳区
揭阳市,东山区
广州市,从化市
南平市,延平区
娄底市,娄星区
湛江市,遂溪县
沈阳市,东陵区
包头市,青山区
伊春市,伊春区
丽水市,莲都区
绍兴市,越城区
漯河市,临颍县
赤峰市,松山区
内江市,威远县
洛阳市,伊川县
阜新市,海州区
天津市,河北区
平顶山市,鲁山县
齐齐哈尔市,铁锋区
晋中市,祁县
汕尾市,城区
威海市,乳山市
衡水市,武强县
济宁市,市中区
东莞市,高步镇
盐城市,大丰市
辽源市,东丰县
商丘市,梁园区
泉州市,晋江市
本溪市,桓仁满族自治县
永州市,零陵区
邵阳市,洞口县
许昌市,襄城县
长沙市,宁乡县
佛山市,高明区
呼和浩特市,玉泉区
景德镇市,乐平市
鹰潭市,月湖区
新乡市,红旗区
柳州市,城中区
绥化市,北林区
茂名市,茂南区
青岛市,胶州市
南京市,高淳县
重庆市,万盛区
榆林市,定边县
邵阳市,大祥区
泰安市,肥城市
上饶市,弋阳县
三亚市,河东区
潍坊市,昌乐县
南通市,启东市
天津市,河东区
宜昌市,西陵区
阳江市,阳春市
菏泽市,东明县
重庆市,潼南县
北海市,银海区
通辽市,奈曼旗
鄂州市,鄂城区
日照市,东港区
周口市,太康县
福州市,福清市
连云港市,连云区
盐城市,亭湖区
黄冈市,红安县
海口市,琼山区
合肥市,肥西县
绵阳市,安县
金华市,武义县
揭阳市,榕城区
来宾市,象州县
德州市,宁津县
乌兰察布市,集宁区
唐山市,路北区
齐齐哈尔市,龙江县
娄底市,冷水江市
广元市,利州区
西安市,高陵县
天津市,武清区
南京市,六合区
清远市,阳山县
长春市,经济技术开发区
贵阳市,花溪区
台州市,三门县
防城港市,港口区
沧州市,吴桥县
潍坊市,潍坊高新技术开发区
开封市,金明区
湖州市,长兴县
南京市,浦口区
韶关市,武江区
咸阳市,渭城区
宜昌市,伍家岗区
东莞市,南城区
保定市,新市区
黄石市,大冶市
漯河市,郾城区
梅州市,大埔县
石嘴山市,惠农区
邵阳市,邵东县
吉林市,龙潭区
益阳市,南县
桂林市,象山区
荆门市,钟祥市
宁德市,蕉城区
南昌市,进贤县
济宁市,邹城市
宁德市,柘荣县
邢台市,清河县
株洲市,醴陵市
哈尔滨市,道里区
郑州市,郑东新区
龙岩市,新罗区
固原市,原州区
德州市,禹城市
襄阳市,枣阳市
镇江市,句容市
镇江市,镇江新区
邵阳市,双清区
泸州市,龙马潭区
滨州市,惠民县
重庆市,垫江县
贵港市,平南县
汕头市,龙湖区
金华市,永康市
伊犁哈萨克自治州,霍城县
巴音郭楞蒙古自治州,和静县
济宁市,兖州市
信阳市,负忧
湘西土家族苗族自治州,花垣县
吉林市,丰满区
秦皇岛市,北戴河区
济南市,章丘市
锡林郭勒盟,锡林浩特市
泰安市,泰山区
淮南市,田家庵区
常德市,汉寿县
枣庄市,滕州市
衡阳市,雁峰区
温州市,文成县
长春市,汽车产业开发区
鄂尔多斯市,康巴什新区
湛江市,廉江市
揭阳市,揭东县
凉山彝族自治州,普格县
福州市,马尾区
韶关市,翁源县
吉林市,船营区
武汉市,青山区
淮南市,潘集区
泉州市,安溪县
合肥市,巢湖市
延安市,黄陵县
徐州市,沛县
六安市,裕安区
沧州市,任丘市
襄阳市,老河口市
德阳市,什邡市
嘉峪关市,镜铁区
保定市,北市区
宜宾市,翠屏区
郑州市,中原区
宁波市,奉化市
信阳市,潢川县
贺州市,钟山县
商丘市,永城市
乌鲁木齐市,沙依巴克区
乌鲁木齐市,水磨沟区
东莞市,厚街镇
泉州市,南安市
南阳市,内乡县
抚州市,南城县
肇庆市,封开县
天水市,武山县
咸阳市,杨陵区
徐州市,邳州市
南通市,南通经济技术开发区
盘锦市,大洼县
丹东市,振兴区
宣城市,宁国市
常州市,金坛市
唐山市,遵化市
钦州市,钦南区
吕梁市,柳林县
怀化市,麻阳苗族自治县
济南市,槐荫区
宿州市,桥区
常州市,溧阳市
九江市,武宁县
吕梁市,汾阳市
来宾市,兴宾区
保定市,安新县
芜湖市,镜湖区
云浮市,罗定市
贵阳市,南明区
怀化市,靖州苗族侗族自治县
遂宁市,射洪县
珠海市,斗门区
福州市,永泰县
宿州市,灵璧县
商丘市,睢阳区
宜春市,宜丰县
南昌市,新建县
盐城市,阜宁县
湘潭市,雨湖区
朝阳市,双塔区
枣庄市,台儿庄区
大同市,矿区
东莞市,莞城区
资阳市,雁江区
西宁市,城东区
永州市,江华瑶族自治县
舟山市,嵊泗县
揭阳市,惠来县
宿迁市,泗阳县
红河哈尼族彝族自治州,蒙自市
潍坊市,青州市
成都市,崇州市
白城市,大安市
鹤壁市,淇滨区
龙岩市,永定县
自贡市,富顺县
佳木斯市,同江市
临沂市,沂南县
滁州市,凤阳县
呼和浩特市,回民区
晋中市,榆次区
秦皇岛市,海港区
龙岩市,漳平市
石家庄市,辛集市
濮阳市,南乐县
绍兴市,嵊州市
芜湖市,芜湖县
合肥市,高新技术开发区
益阳市,沅江市
绵阳市,江油市
南平市,光泽县
成都市,大邑县
宁波市,高新科技开发区
潍坊市,高密市
银川市,西夏区
衢州市,常山县
镇江市,润州区
荆门市,掇刀区
铜陵市,狮子山区
通辽市,科尔沁区
洛阳市,洛宁县
昌江黎族自治县,昌江黎族自治县
自贡市,大安区
锦州市,古塔区
延边朝鲜族自治州,延吉市
肇庆市,德庆县
娄底市,涟源市
吉安市,吉安县
徐州市,铜山区
漳州市,长泰县
运城市,盐湖区
榆林市,米脂县
佳木斯市,富锦市
南通市,如东县
潍坊市,寿光市
徐州市,贾汪区
贺州市,富川瑶族自治县
赤峰市,红山区
常德市,武陵区
安庆市,太湖县
武汉市,东西湖区
保定市,涿州市
沧州市,黄骅市
惠州市,惠东县
重庆市,万州区
宣城市,宣州区
揭阳市,普宁市
淮安市,经济开发区
柳州市,柳南区
南通市,港闸区
怀化市,溆浦县
开封市,兰考县
烟台市,龙口市
湘西土家族苗族自治州,永顺县
赣州市,兴国县
南通市,如皋市
汕头市,潮阳区
宁德市,霞浦县
周口市,郸城县
重庆市,合川区
达州市,通川区
曲靖市,麒麟区
南昌市,高新区
屯昌县,屯昌县
安庆市,大观区
重庆市,云阳县
滁州市,定远县
绍兴市,新昌县
南阳市,唐河县
丽水市,景宁畲族自治县
上饶市,玉山县
临沂市,费县
随州市,曾都区
锦州市,黑山县
抚顺市,东洲区
龙岩市,长汀县
忻州市,宁武县
惠州市,大亚湾区
湛江市,赤坎区
肇庆市,广宁县
连云港市,赣榆县
辽阳市,文圣区
丹东市,东港市
赣州市,章贡区
北京市,延庆县
东莞市,樟木头镇
东营市,广饶县
北京市,怀柔区
白银市,靖远县
潜江市,潜江市
潮州市,饶平县
东莞市,大朗镇
长春市,绿园区
长沙市,望城区
达州市,万源市
湘潭市,岳塘区
郴州市,桂阳县
重庆市,铜梁县
贵港市,港北区
芜湖市,弋江区
乐山市,市中区
柳州市,柳北区
丽水市,缙云县
拉萨市,城关区
遵义市,汇川区
开封市,开封县
茂名市,高州市
金昌市,金川区
宝鸡市,金台区
岳阳市,平江县
枣庄市,市中区
南宁市,江南区
廊坊市,霸州市
济宁市,嘉祥县
大连市,普兰店市
合肥市,长丰县
驻马店市,新蔡县
长春市,高新区
扬州市,江都区
铜陵市,铜官山区
湘西土家族苗族自治州,泸溪县
信阳市,平桥区
汕尾市,海丰县
安庆市,望江县
南充市,嘉陵区
万宁市,万宁市
沈阳市,苏家屯区
大同市,城区
安阳市,滑县
商丘市,民权县
开封市,龙亭区
张家口市,桥东区
石家庄市,晋州市
德宏傣族景颇族自治州,芒市
黄冈市,麻城市
邯郸市,临漳县
烟台市,莱阳市
荆门市,沙洋县
宜春市,奉新县
烟台市,海阳市
焦作市,沁阳市
南通市,海门市
泉州市,惠安县
巴中市,通江县
哈尔滨市,松北区
潮州市,湘桥区
邯郸市,丛台区
邵阳市,城步苗族自治县
烟台市,福山区
成都市,邛崃市
台州市,仙居县
锡林郭勒盟,多伦县
福州市,连江县
银川市,永宁县
南宁市,横县
防城港市,东兴市
安阳市,文峰区
湛江市,湛江经济技术开发区
保定市,阜平县
黄山市,屯溪区
黄冈市,武穴市
咸阳市,兴平市
安庆市,迎江区
益阳市,赫山区
太原市,尖草坪区
宜昌市,秭归县
河池市,南丹县
黔西南布依族苗族自治州,兴义市
三门峡市,灵宝市
开封市,顺河回族区
包头市,东河区
双鸭山市,尖山区
南充市,顺庆区
黄冈市,蕲春县
葫芦岛市,龙港区
石家庄市,深泽县
十堰市,丹江口市
沧州市,南皮县
北京市,门头沟区
娄底市,新化县
扬州市,宝应县
晋城市,阳城县
常德市,安乡县
大同市,大同县
永州市,冷水滩区
永州市,宁远县
郑州市,新郑市
眉山市,东坡区
威海市,文登市
孝感市,汉川市
临汾市,侯马市
陵水黎族自治县,陵水黎族自治县
聊城市,东阿县
济宁市,梁山县
郴州市,北湖区
营口市,站前区
沧州市,肃宁县
福州市,罗源县
临沂市,平邑县
淄博市,临淄区
鄂尔多斯市,伊金霍洛旗
清远市,佛冈县
柳州市,鱼峰区
池州市,东至县
牡丹江市,东安区
巴彦淖尔市,杭锦后旗
徐州市,新沂市
贵阳市,小河区
邵阳市,北塔区
衡阳市,耒阳市
淄博市,淄川区
张家界市,慈利县
上海市,崇明县
镇江市,扬中市
漳州市,华安县
重庆市,武隆县
莆田市,涵江区
梧州市,岑溪市
汕尾市,陆丰市
洛阳市,嵩县
洛阳市,汝阳县
安庆市,宜秀区
郴州市,安仁县
临夏回族自治州,临夏市
安康市,石泉县
泰安市,宁阳县
安阳市,北关区
自贡市,自流井区
临沂市,沂水县
梧州市,万秀区
宝鸡市,陈仓区
黄山市,徽州区
贵阳市,金阳新区
鹤岗市,萝北县
海口市,秀英区
营口市,西市区
天水市,秦州区
三亚市,河西区
日照市,五莲县
六盘水市,钟山区
赣州市,大余县
自贡市,荣县
茂名市,化州市
菏泽市,鄄城县
阳江市,阳东县
温州市,洞头县
信阳市,商城县
西安市,灞桥区
安顺市,西秀区
自贡市,贡井区
邯郸市,邯山区
东莞市,凤岗镇
合肥市,经济技术开发区
宜昌市,枝江市
郑州市,新密市
洛阳市,偃师市
上饶市,上饶县
宜宾市,宜宾县
鄂尔多斯市,鄂托克前旗
宁德市,周宁县
泰安市,新泰市
九江市,湖口县
宝鸡市,渭滨区
宣城市,广德县
汕头市,濠江区
赣州市,石城县
黄石市,铁山区
内江市,隆昌县
大理白族自治州,大理市
咸阳市,泾阳县
萍乡市,芦溪县
昌吉回族自治州,昌吉市
延安市,宝塔区
聊城市,阳谷县
铁岭市,开原市
周口市,商水县
焦作市,武陟县
菏泽市,巨野县
衢州市,江山市
淮安市,清河区
赣州市,于都县
东莞市,黄江镇
安阳市,林州市
周口市,鹿邑县
大连市,瓦房店市
连云港市,灌南县
玉溪市,峨山彝族自治县
绵阳市,三台县
东莞市,清溪镇
宿迁市,宿城区
上饶市,鄱阳县
东莞市,石龙镇
湖州市,安吉县
文山壮族苗族自治州,丘北县
合肥市,滨湖新区
日照市,新市区
西安市,杨凌区
惠州市,博罗县
临沂市,苍山县
随州市,广水市
菏泽市,定陶县
淄博市,沂源县
长春市,农安县
抚顺市,新抚区
楚雄彝族自治州,楚雄市
南充市,阆中市
石家庄市,桥东区
潮州市,潮安县
桂林市,临桂县
鞍山市,海城市
运城市,平陆县
九江市,庐山区
泰安市,岱岳区
安康市,岚皋县
鸡西市,鸡冠区
广安市,岳池县
咸阳市,武功县
漳州市,龙文区
保定市,涞水县
西双版纳傣族自治州,勐海县
临沂市,蒙阴县
郴州市,宜章县
南阳市,邓州市
信阳市,新县
驻马店市,驿城区
广安市,武胜县
渭南市,大荔县
哈尔滨市,巴彦县
许昌市,许昌县
杭州市,桐庐县
宜昌市,当阳市
石家庄市,正定县
白沙黎族自治县,白沙黎族自治县
南阳市,方城县
厦门市,翔安区
合肥市,政务文化新区
周口市,项城市
松原市,乾安县
阳泉市,矿区
内江市,东兴区
芜湖市,鸠江区
松原市,前郭尔罗斯蒙古族自治县
淄博市,博山区
云浮市,云城区
黄山市,黄山区
承德市,丰宁满族自治县
内江市,资中县
临沂市,罗庄区
抚州市,乐安县
秦皇岛市,山海关区
荆州市,监利县
台州市,玉环县
聊城市,东昌府区
乌海市,海勃湾区
肇庆市,高要市
恩施土家族苗族自治州,恩施市
泉州市,洛江区
大理白族自治州,漾濞彝族自治县
通化市,东昌区
合肥市,庐江县
漯河市,源汇区
盐城市,响水县
东莞市,道蛘
呼伦贝尔市,海拉尔区
钦州市,灵山县
宜昌市,远安县
焦作市,温县
锡林郭勒盟,二连浩特市
牡丹江市,爱民区
重庆市,长寿区
金华市,金东区
百色市,右江区
荆州市,石首市
通化市,梅河口市
黑河市,爱辉区
焦作市,孟州市
抚州市,南丰县
石家庄市,新乐市
宿州市,砀山县
烟台市,蓬莱市
盘锦市,双台子区
吴忠市,利通区
滁州市,南谯区
常德市,临澧县
湘西土家族苗族自治州,龙山县
宁德市,福安市
白银市,平川区
合肥市,新站综合开发试验区
承德市,承德县
吉安市,吉水县
江门市,江海区
唐山市,古冶区
菏泽市,曹县
临沂市,郯城县
抚州市,宜黄县
益阳市,桃江县
郴州市,汝城县
南阳市,淅川县
海东地区,循化撒拉族自治县
本溪市,溪湖区
淮北市,濉溪县
重庆市,开县
萍乡市,安源区
营口市,大石桥市
鞍山市,铁西区
商洛市,镇安县
衡阳市,衡阳县
衡阳市,衡南县
张掖市,甘州区
银川市,贺兰县
马鞍山市,和县
三明市,沙县
商丘市,柘城县
潍坊市,昌邑市
梧州市,长洲区
蚌埠市,淮上区
南阳市,西峡县
白城市,镇赉县
西安市,蓝田县
鸡西市,密山市
安顺市,紫云苗族布依族自治县
襄阳市,襄州区
秦皇岛市,抚宁县
延边朝鲜族自治州,珲春市
南阳市,新野县
菏泽市,郓城县
莆田市,城厢区
营口市,鲅鱼圈区
枣庄市,峄城区
常州市,戚墅堰区
兴安盟,扎赉特旗
阿拉善盟,阿拉善左旗
安阳市,殷都区
乌鲁木齐市,米东区
张家界市,永定区
鄂尔多斯市,东胜区
红河哈尼族彝族自治州,泸西县
九江市,永修县
丹东市,元宝区
伊犁哈萨克自治州,伊宁市
赤峰市,巴林右旗
济南市,长清区
河池市,罗城仫佬族自治县
巴音郭楞蒙古自治州,若羌县
株洲市,天元区
清远市,英德市
贵港市,覃塘区
文山壮族苗族自治州,广南县
衡阳市,祁东县
大庆市,肇源县
信阳市,淮滨县
吕梁市,离石区
黔东南苗族侗族自治州,岑巩县
曲靖市,富源县
固原市,泾源县
东莞市,沙田镇
邯郸市,武安市
徐州市,丰县
东方市,东方市
抚州市,东乡县
金华市,磐安县
重庆市,丰都县
雅安市,雨城区
重庆市,南川区
运城市,永济市
红河哈尼族彝族自治州,开远市
宝鸡市,高新区
钦州市,钦北区
丽水市,云和县
西安市,户县
龙岩市,武平县
庆阳市,西峰区
徐州市,金山桥开发区
江门市,恩平市
芜湖市,繁昌县
南宁市,武鸣县
石家庄市,赞皇县
青岛市,莱西市
玉溪市,通海县
崇左市,宁明县
绥化市,肇东市
昌吉回族自治州,阜康市
荆州市,公安县
晋中市,介休市
云浮市,新兴县
宜春市,靖安县
阜阳市,颍泉区
潍坊市,寒亭区
吕梁市,孝义市
眉山市,仁寿县
贵阳市,白云区
肇庆市,四会市
徐州市,睢宁县
东莞市,谢岗镇
岳阳市,汨罗市
丽江市,古城区
株洲市,攸县
阜阳市,颍州区
乐山市,夹江县
通化市,通化县
日照市,莒县
九江市,德安县
琼海市,琼海市
黄石市,阳新县
云浮市,郁南县
武汉市,汉南区
邢台市,邢台县
湛江市,吴川市
绥化市,兰西县
石河子市,石河子市
渭南市,临渭区
廊坊市,开发区
漳州市,龙海市
焦作市,博爱县
运城市,河津市
邯郸市,涉县
丽水市,遂昌县
亳州市,谯城区
梧州市,藤县
乐山市,马边彝族自治县
重庆市,璧山县
葫芦岛市,连山区
重庆市,忠县
永州市,新田县
亳州市,利辛县
酒泉市,玉门市
玉林市,北流市
淮南市,谢家集区
信阳市,罗山县
郴州市,苏仙区
萍乡市,湘东区
东莞市,万江区
宜昌市,宜都市
西宁市,城北区
漳州市,漳浦县
晋中市,寿阳县
烟台市,栖霞市
榆林市,神木县
宜春市,丰城市
牡丹江市,宁安市
铁岭市,调兵山市
宝鸡市,岐山县
梅州市,平远县
朝阳市,建平县
桂林市,荔蒲县
河源市,龙川县
三明市,明溪县
池州市,贵池区
赣州市,南康市
晋城市,城区
阳泉市,城区
郴州市,资兴市
吉林市,永吉县
滁州市,天长市
新乡市,获嘉县
红河哈尼族彝族自治州,元阳县
南平市,建阳市
桂林市,兴安县
九江市,九江县
上饶市,铅山县
牡丹江市,绥芬河市
太原市,古交市
汉中市,南郑县
庆阳市,庆城县
齐齐哈尔市,梅里斯达斡尔族区
石家庄市,鹿泉市
郑州市,上街区
安庆市,桐城市
酒泉市,肃州区
南阳市,镇平县
绵阳市,高新区
温州市,泰顺县
蚌埠市,怀远县
阜阳市,太和县
咸阳市,乾县
黄冈市,浠水县
南平市,政和县
攀枝花市,东区
绵阳市,北川羌族自治县
吉安市,新干县
珠海市,金湾区
汉中市,西乡县
株洲市,荷塘区
绵阳市,游仙区
镇江市,丹徒区
安康市,镇坪县
咸宁市,通城县
张家口市,赤城县
德阳市,绵竹市
南充市,南部县
白城市,洮北区
资阳市,乐至县
平顶山市,汝州市
河源市,连平县
张家口市,宣化区
达州市,达县
邢台市,内丘县
通化市,辉南县
河源市,紫金县
新乡市,延津县
廊坊市,固安县
抚州市,黎川县
滁州市,全椒县
怒江傈僳族自治州,泸水县
临沧市,云县
石家庄市,赵县
淮安市,楚州区
东莞市,松山湖
定西市,陇西县
许昌市,魏都区
东莞市,石排镇
蚌埠市,蚌山区
宜昌市,夷陵区
吉安市,青原区
牡丹江市,穆棱市
楚雄彝族自治州,武定县
龙岩市,连城县
保山市,施甸县
丹东市,凤城市
邯郸市,曲周县
淄博市,桓台县
锡林郭勒盟,西乌珠穆沁旗
西安市,阎良区
黔南布依族苗族自治州,都匀市
洛阳市,宜阳县
赤峰市,喀喇沁旗
三明市,清流县
朝阳市,北票市
常德市,石门县
沈阳市,康平县
六安市,霍邱县
乐山市,峨眉山市
朔州市,朔城区
新乡市,辉县市
十堰市,郧县
肇庆市,鼎湖区
绵阳市,经开区
咸阳市,长武县
克拉玛依市,克拉玛依区
永州市,江永县
南平市,邵武市
三亚市,市辖区
洛阳市,e河回族区
恩施土家族苗族自治州,来凤县
咸宁市,嘉鱼县
大庆市,红岗区
南平市,松溪县
乐山市,沙湾区
淮安市,洪泽县
南阳市,卧龙区
定安县,定安县
廊坊市,永清县
菏泽市,单县
平顶山市,湛河区
红河哈尼族彝族自治州,建水县
绍兴市,袍江工业区
娄底市,双峰县
三明市,将乐县
东莞市,寮步镇
宝鸡市,眉县
鄂尔多斯市,乌审旗
贵港市,桂平市
福州市,平潭县
凉山彝族自治州,布拖县
东莞市,横沥镇
鹰潭市,贵溪市
韶关市,新丰县
重庆市,永川区
酒泉市,敦煌市
石嘴山市,大武口区
天水市,麦积区
新余市,渝水区
呼伦贝尔市,满洲里市
茂名市,电白县
邯郸市,永年县
泸州市,江阳区
清远市,清新县
鄂州市,华容区
开封市,鼓楼区
荆州市,江陵县
衡阳市,石鼓区
益阳市,安化县
邵阳市,新邵县
长治市,沁源县
清远市,连州市
咸宁市,崇阳县
淮南市,大通区
沧州市,东光县
龙岩市,上杭县
淮安市,金湖县
滁州市,琅琊区
宜春市,高安市
遵义市,桐梓县
梧州市,蝶山区
吴忠市,红寺堡区
三明市,大田县
南昌市,湾里区
梧州市,蒙山县
桂林市,恭城瑶族自治县
孝感市,云梦县
秦皇岛市,昌黎县
襄阳市,南漳县
抚州市,崇仁县
渭南市,华阴市
重庆市,巫山县
锡林郭勒盟,镶黄旗
湘潭市,湘潭县
资阳市,简阳市
安庆市,潜山县
赤峰市,宁城县
聊城市,高唐县
重庆市,綦江区
桂林市,叠彩区
呼伦贝尔市,牙克石市
安庆市,枞阳县
昆明市,富民县
漳州市,平和县
亳州市,蒙城县
百色市,平果县
烟台市,长岛县
唐山市,唐海县
郑州市,登封市
岳阳市,岳阳县
泰安市,东平县
东莞市,望牛墩镇
阳泉市,盂县
合肥市,肥东县
成都市,都江堰市
乐山市,井研县
德州市,武城县
韶关市,曲江区
保定市,满城县
莱芜市,钢城区
达州市,渠县
宣城市,郎溪县
辽阳市,辽阳县
呼伦贝尔市,新巴尔虎右旗
韶关市,仁化县
吉安市,永新县
邢台市,桥西区
鹤壁市,淇县
崇左市,凭祥市
濮阳市,濮阳县
商丘市,睢县
潍坊市,坊子区
河池市,宜州市
聊城市,冠县
邯郸市,磁县
鸡西市,鸡东县
鞍山市,台安县
临汾市,尧都区
益阳市,资阳区
新余市,分宜县
沧州市,河间市
沧州市,盐山县
乌鲁木齐市,头屯河区
贵阳市,乌当区
邢台市,临西县
汕尾市,陆河县
宜春市,铜鼓县
德州市,乐陵市
盐城市,滨海县
营口市,盖州市
南宁市,隆安县
秦皇岛市,青龙满族自治县
聊城市,莘县
襄阳市,谷城县
泉州市,泉港区
保定市,清苑县
梅州市,丰顺县
兰州市,榆中县
淮北市,烈山区
株洲市,芦淞区
六安市,金寨县
汉中市,略阳县
宜昌市,V亭区
呼伦贝尔市,额尔古纳市
怀化市,鹤城区
阿克苏地区,阿克苏市
乌兰察布市,卓资县
福州市,长乐市
自贡市,沿滩区
阜新市,细河区
鄂尔多斯市,达拉特旗
信阳市,固始县
玉溪市,澄江县
株洲市,炎陵县
伊春市,南岔区
孝感市,应城市
永州市,祁阳县
济宁市,金乡县
朔州市,右玉县
黄山市,黟县
黄石市,西塞山区
黔东南苗族侗族自治州,凯里市
澄迈县,澄迈县
黄冈市,团风县
德州市,齐河县
临沂市,莒南县
铜仁市,碧江区
七台河市,桃山区
佳木斯市,东风区
汉中市,洋县
邢台市,广宗县
廊坊市,大厂回族自治县
石家庄市,经济技术开发区
佳木斯市,桦川县
恩施土家族苗族自治州,咸丰县
玉林市,容县
中卫市,沙坡头区
临汾市,乡宁县
东莞市,石碣镇
重庆市,梁平县
张家界市,武陵源区
赣州市,会昌县
东莞市,洪梅镇
梅州市,蕉岭县
桂林市,雁山区
晋中市,灵石县
湘西土家族苗族自治州,凤凰县
德宏傣族景颇族自治州,瑞丽市
新乡市,卫辉市
白银市,白银区
乐山市,犍为县
兴安盟,乌兰浩特市
贵阳市,息烽县
广元市,剑阁县
赤峰市,元宝山区
阿克苏地区,拜城县
巴音郭楞蒙古自治州,博湖县
枣庄市,薛城区
岳阳市,华容县
呼伦贝尔市,扎兰屯市
保定市,徐水县
克孜勒苏柯尔克孜自治州,阿图什市
贵阳市,开阳县
通化市,集安市
连云港市,东海县
朝阳市,喀喇沁左翼蒙古族自治县
西安市,周至县
阜阳市,临泉县
锦州市,凌海市
枣庄市,山亭区
白山市,临江市
临沂市,临沭县
红河哈尼族彝族自治州,个旧市
哈尔滨市,尚志市
赣州市,信丰县
铁岭市,昌图县
四平市,铁西区
菏泽市,成武县
黑河市,北安市
张家口市,涿鹿县
大同市,南郊区
十堰市,房县
渭南市,潼关县
黄冈市,英山县
许昌市,长葛市
广安市,邻水县
连云港市,海州区
乐山市,金口河区
福州市,闽清县
柳州市,鹿寨县
沈阳市,新民市
岳阳市,临湘市
六安市,霍山县
承德市,围场满族蒙古族自治县
济南市,平阴县
山南地区,乃东县
赣州市,赣县
丽江市,玉龙纳西族自治县
赣州市,寻乌县
唐山市,滦县
齐齐哈尔市,讷河市
盘锦市,盘山县
唐山市,丰南区
伊犁哈萨克自治州,奎屯市
毕节市,七星关区
衡水市,饶阳县
岳阳市,湘阴县
抚顺市,清原满族自治县
赣州市,安远县
淄博市,高青县
攀枝花市,米易县
南充市,蓬安县
张家口市,怀来县
来宾市,金秀瑶族自治县
孝感市,安陆市
东营市,河口区
凉山彝族自治州,德昌县
衢州市,开化县
恩施土家族苗族自治州,巴东县
邢台市,平乡县
佳木斯市,郊区
泸州市,古蔺县
张家口市,沽源县
郑州市,中牟县
泉州市,德化县
宿迁市,泗洪县
佳木斯市,抚远县
泸州市,叙永县
遂宁市,蓬溪县
泸州市,泸县
雅安市,天全县
重庆市,石柱土家族自治县
滨州市,沾化县
丽水市,龙泉市
梅州市,五华县
铁岭市,铁岭县
宁德市,寿宁县
白城市,洮南市
天水市,秦安县
大同市,浑源县
包头市,达尔罕茂明安联合旗
上饶市,横峰县
大同市,阳高县
孝感市,孝昌县
沧州市,海兴县
韶关市,乳源瑶族自治县
邯郸市,邯郸县
柳州市,融安县
漳州市,诏安县
济宁市,泗水县
吉安市,泰和县
文昌市,文昌市
河池市,凤山县
攀枝花市,仁和区
潍坊市,安丘市
临夏回族自治州,永靖县
南阳市,社旗县
黄山市,歙县
玉林市,陆川县
六盘水市,盘县
榆林市,绥德县
德州市,平原县
上饶市,德兴市
韶关市,始兴县
唐山市,迁西县
南平市,浦城县
普洱市,思茅区
南充市,高坪区
衡水市,景县
常德市,鼎城区
黄冈市,罗田县
